,Normal Maximum,Fraud Maximum,Maximum Difference,Absolute Maximum Difference
V1,2.45492999121121,2.13238602134104,-0.32254396987017,0.32254396987017
V2,18.9024528401249,22.0577289904909,3.1552761503659994,3.1552761503659994
V3,9.38255843282114,2.25020963478583,-7.13234879803531,7.13234879803531
V4,16.8753440335975,12.1146718424589,-4.7606721911386,4.7606721911386
V5,34.8016658766686,11.0950886001596,-23.706577276509,23.706577276509
V6,73.3016255459646,6.47411462748849,-66.82751091847611,66.82751091847611
V7,120.589493945238,5.80253735302589,-114.7869565922121,114.7869565922121
V8,18.7092545433234,20.0072083651213,1.2979538217979005,1.2979538217979005
V9,15.5949946071278,3.3535248599039,-12.241469747223901,12.241469747223901
V10,23.7451361206545,4.03143505114991,-19.71370106950459,19.71370106950459
V11,10.0021902173471,12.0189131816199,2.0167229642728017,2.0167229642728017
V12,7.8483920756446,1.37594135044076,-6.47245072520384,6.47245072520384
V13,7.12688295859376,2.81543981456255,-4.311443144031211,4.311443144031211
V14,10.5267660517847,3.44242199594215,-7.08434405584255,7.08434405584255
V15,8.87774159774277,2.47135790380837,-6.4063836939344,6.4063836939344
V16,17.3151115176278,3.13965565883069,-14.175455858797108,14.175455858797108
V17,9.25352625047285,6.73938438478335,-2.5141418656895,2.5141418656895
V18,5.04106918541184,3.79031621184375,-1.25075297356809,1.25075297356809
V19,5.59197142733558,5.2283417900513,-0.36362963728428,0.36362963728428
V20,39.4209042482199,11.0590042933942,-28.3618999548257,28.3618999548257
V21,22.6148893676169,27.2028391573154,4.587949789698499,4.587949789698499
V22,10.5030900899454,8.36198519168435,-2.14110489826105,2.14110489826105
V23,22.5284116897749,5.46622995370963,-17.06218173606527,17.06218173606527
V24,4.58454913689817,1.09143473162108,-3.4931144052770904,3.4931144052770904
V25,7.51958867870916,2.20820917836653,-5.31137950034263,5.31137950034263
V26,3.5173456116238,2.7452606721766,-0.7720849394472,0.7720849394472
V27,31.6121981061363,3.05235768679424,-28.55984041934206,28.55984041934206
V28,33.8478078188831,1.77936385243205,-32.06844396645105,32.06844396645105
