,Mean Difference,Median Difference,Variance Difference,Standard Deviation Difference,Skewness Difference,Kurtosis Difference,Minimum Difference,Maximum Difference,Range Difference,IQR Difference,Absolute Correlation,Z-Score Difference,Fraud Outlier Percentage,Mean Difference Rank,Median Difference Rank,Variance Difference Rank,Standard Deviation Difference Rank,Skewness Difference Rank,Kurtosis Difference Rank,Minimum Difference Rank,Maximum Difference Rank,Range Difference Rank,IQR Difference Rank,Absolute Correlation Rank,Z-Score Difference Rank,Fraud Outlier Percentage Rank,Overall Rank Score
V7,5.578367633672223,3.0755399248993354,50.54797645615144,6.027960641034387,6.57539989254698,448.67550931271273,11.7922950810351,114.7869565922121,102.99466151117701,5.896879727980231,0.18725659151430013,0.12637245712490353,61.17886178861789,6.0,9.0,1.0,2.0,2.0,2.0,12.0,1.0,2.0,2.0,7.0,5.0,9.0,60.0
V10,5.686706574086657,4.48695268185414,22.89358760553205,3.853137324986528,3.5749971126756632,20.511804180908733,9.847166060577601,19.71370106950459,9.866535008926991,4.154499755852564,0.21688294364103206,0.09739140594993256,81.09756097560977,5.0,5.0,7.0,7.0,6.0,12.0,13.0,7.0,14.0,7.0,4.0,7.0,3.0,97.0
V17,6.677371462701792,5.238115339161861,48.02782641323075,6.221161092017673,0.710623126504349,20.500675479094877,8.064355155917902,2.5141418656895,5.550213290228399,9.72055097908391,0.32648106724371595,0.08030038581374066,80.6910569105691,3.0,4.0,3.0,1.0,13.0,13.0,14.0,21.0,20.0,1.0,1.0,10.0,4.0,108.0
V5,3.1566780018246523,1.4695046018076419,27.02209467879968,4.015516323783517,0.8527642471366417,216.12333835537865,91.63777518683,23.706577276509,115.34435246333902,3.705817114808811,0.09497429899144802,0.08414368862831545,42.27642276422765,12.0,14.0,6.0,6.0,12.0,6.0,1.0,6.0,1.0,9.0,13.0,9.0,17.0,112.0
V3,7.045451965628404,5.257415070528301,48.4354960604952,5.651508262836645,0.06130855941685076,12.764340991593762,17.221904537814197,7.13234879803531,24.354253335849506,4.454390967319179,0.19296082706741602,0.031698460160639375,63.41463414634146,1.0,3.0,2.0,3.0,25.0,15.0,8.0,11.0,11.0,5.0,6.0,22.0,8.0,120.0
V14,6.98378728629198,6.781666613321093,17.504705852526126,3.3819333628695296,0.4523034361870786,8.001615478271482,0.8222339945883981,7.08434405584255,6.262110061254148,4.493345580794473,0.3025436958044028,0.08901733887978092,87.39837398373984,2.0,1.0,9.0,9.0,16.0,16.0,26.0,12.0,19.0,4.0,2.0,8.0,1.0,125.0
V2,3.6300489593980876,2.6537988387061513,15.73755764466949,2.65506957356852,6.113726393729252,95.80864746248302,64.31357388524114,3.1552761503659994,61.15829773487514,2.383112517092858,0.0912886503446179,0.11565300562952585,50.0,11.0,10.0,10.0,12.0,3.0,9.0,2.0,20.0,5.0,12.0,14.0,6.0,13.0,127.0
V12,6.270224759362687,5.644208288952705,20.76918322187464,3.7085194671885655,0.5894714974326952,5.497087654151937,3.5387264116470014,6.47245072520384,2.933724313556837,4.692778861106905,0.26059292487722485,0.06378588768447147,83.130081300813,4.0,2.0,8.0,8.0,14.0,17.0,20.0,13.0,25.0,3.0,3.0,12.0,2.0,131.0
V16,4.147109771631907,3.617171757167275,14.224853606482085,3.02026292177285,0.05573964089172628,3.2953421021860128,4.014294565140501,14.175455858797108,10.161161293656605,4.347591187531743,0.19653894030401736,0.05723936054692458,71.34146341463415,9.0,8.0,12.0,11.0,26.0,18.0,19.0,9.0,13.0,6.0,5.0,15.0,5.0,156.0
V27,0.17086996765802004,0.3936967501015142,1.7356067325327682,0.9769192354719884,1.1893537331611796,244.41407824193098,15.30219717444415,28.55984041934206,43.862037593786205,0.6846291607738373,0.01757972818951348,0.17783726380136544,69.91869918699187,20.0,19.0,18.0,17.0,10.0,5.0,9.0,4.0,7.0,19.0,20.0,3.0,6.0,157.0
V1,4.7802061789646455,2.362520732317084,42.29422373604381,4.853872704826067,1.3325716801926342,28.18595970417666,25.855129587748,0.32254396987017,26.17767355761817,3.383101319242822,0.10134729859508294,0.0022126233028464393,35.36585365853659,7.0,11.0,5.0,5.0,8.0,11.0,5.0,28.0,10.0,10.0,11.0,28.0,19.0,158.0
V8,0.5716233664479029,0.599467033415043,44.86192233706346,5.636547284983557,5.565470280842426,193.0079183923883,32.1724575341933,1.2979538217979005,30.874503712395395,1.4253819763344295,0.019875123914794384,0.028356004789878986,50.20325203252033,18.0,18.0,4.0,4.0,4.0,7.0,4.0,24.0,9.0,15.0,19.0,23.0,12.0,161.0
V20,0.37296368517835976,0.3473392259146679,1.221444448209538,0.5772316103788436,4.240306491539003,256.5761756151501,50.36953466584802,28.3618999548257,78.73143462067372,0.6500397710792918,0.020090324196974638,0.16682876715922101,39.43089430894309,19.0,20.0,22.0,21.0,5.0,4.0,3.0,5.0,4.0,20.0,18.0,4.0,18.0,163.0
V28,0.07579823100065478,0.1351449713127724,0.19091159178025285,0.21772153862104676,11.98250416534707,939.347813495879,13.56079342957819,32.06844396645105,45.62923739602924,0.35910870254454297,0.00953604091623609,0.321354943490869,55.28455284552846,24.0,21.0,26.0,24.0,1.0,1.0,10.0,3.0,6.0,21.0,21.0,1.0,11.0,170.0
V4,4.549888972243557,4.19955224226529,6.297821033379423,1.4739844530280086,0.08439195183308468,2.2932086752933114,4.36989638369892,4.7606721911386,9.130568574837522,2.3879796667131212,0.13344748623900718,0.06200444529627058,64.63414634146342,8.0,6.0,14.0,15.0,24.0,19.0,17.0,16.0,15.0,11.0,9.0,13.0,7.0,174.0
V6,1.4001554590284588,1.151492775743596,1.683954683898795,0.5282105900683738,0.9748697776874982,40.11146594628621,19.75423930138366,66.82751091847611,86.58175021985977,0.9218287857673777,0.04364316069996494,0.04836488592406163,27.84552845528455,15.0,15.0,21.0,22.0,11.0,10.0,7.0,2.0,3.0,17.0,15.0,17.0,21.0,176.0
V21,0.714823199474226,0.6219672869434325,14.457795320383578,3.1525609296646557,0.3564972625894334,145.74102298144936,12.0327782392627,4.587949789698499,7.444828449564206,0.7886886647894497,0.04041338061057565,0.05137111289674873,49.59349593495935,16.0,17.0,11.0,10.0,19.0,8.0,11.0,17.0,16.0,18.0,16.0,16.0,14.0,189.0
V9,2.585589490394331,2.1588043221164694,5.067747524596614,1.4115236727505682,1.640710072689525,1.701959692878737,7.14333593231396,12.241469747223901,5.098133814909939,1.8458913538883372,0.0977326860740807,0.02734155476137512,45.32520325203252,13.0,12.0,16.0,16.0,7.0,21.0,15.0,10.0,21.0,13.0,12.0,24.0,16.0,196.0
V18,2.250195314042504,1.661559643302737,7.725831885634072,2.0744472791440964,0.4708228101891864,1.359110069330335,4.1320859646790105,1.25075297356809,2.88133299111092,3.7578311734112013,0.11148525388904133,0.06924888970389964,48.170731707317074,14.0,13.0,13.0,13.0,15.0,22.0,18.0,25.0,26.0,8.0,10.0,11.0,15.0,203.0
V11,3.8067490155984287,3.6211416803170557,6.168688690124842,1.675492615549046,0.35355297179130296,0.17175610587700163,3.0952450634409803,2.0167229642728017,1.0785220991681772,1.8338721844596857,0.15487564474394433,0.04312741209127258,59.756097560975604,10.0,7.0,15.0,14.0,20.0,28.0,22.0,23.0,28.0,14.0,8.0,18.0,10.0,217.0
V23,0.040377717875797366,0.06198858025001735,2.1089564461502057,0.9581011640017665,0.4244069218532518,377.42118393574344,25.553407586419404,17.06218173606527,42.61558932248467,0.34132865208860347,0.0026851557402507824,0.0203046447916585,30.284552845528456,27.0,25.0,17.0,18.0,17.0,3.0,6.0,8.0,8.0,23.0,27.0,26.0,20.0,225.0
V19,0.6818371673845074,0.6436897978156481,1.712237548095703,0.7281201863411416,0.05223576197913938,1.8854308681382164,3.5316238779125495,0.36362963728428,3.8952535151968295,1.0348756945865294,0.034783013036515056,0.042664900566783404,27.439024390243905,17.0,16.0,19.0,20.0,27.0,20.0,21.0,27.0,24.0,16.0,17.0,19.0,22.0,265.0
V22,0.014073193379461673,0.04169837393374545,1.7101379926015854,0.7709331816670556,1.3070923023997998,15.926928444534543,2.046126556706289,2.14110489826105,4.187231454967339,0.08042976884485431,0.0008053175052983079,0.23653877692317204,5.691056910569105,28.0,28.0,20.0,19.0,9.0,14.0,24.0,22.0,23.0,26.0,28.0,2.0,24.0,267.0
V25,0.041520613526067375,0.07195451011221105,0.364434796100838,0.2765315453219911,0.36912337509942383,0.5673832007021389,5.51379155292103,5.31137950034263,10.82517105326366,0.10312386089203818,0.0033077055972996613,0.061246604527076864,11.178861788617885,26.0,24.0,23.0,23.0,18.0,25.0,16.0,15.0,12.0,24.0,26.0,14.0,23.0,269.0
V13,0.10952301652004538,0.05201964005190501,0.2298032520966502,0.10945175880609292,0.09157738898939571,0.6305796517445108,2.6640861943331298,4.311443144031211,6.975529338364339,0.3415216381894033,0.004569778799461309,0.03668355430813397,1.6260162601626018,21.0,27.0,25.0,26.0,23.0,24.0,23.0,18.0,17.0,22.0,23.0,21.0,27.0,297.0
V15,0.09308955778552516,0.10552099913297106,0.26498758817087387,0.134855438084851,0.22740750050365272,0.37849487571736606,0.10763760896127028,6.4063836939344,6.2987460849731285,0.02107389357595668,0.004223402267856675,0.026917583914630838,2.4390243902439024,23.0,22.0,24.0,25.0,21.0,27.0,28.0,14.0,18.0,28.0,25.0,25.0,25.0,305.0
V24,0.10531223080493142,0.1018776580463014,0.10114573706511942,0.09019974337699788,0.10197021286149538,0.5303514318736138,0.80860268948445,3.4931144052770904,4.30171709476154,0.07215728830912105,0.007220906715952582,0.04062747696452673,0.6097560975609756,22.0,23.0,27.0,27.0,22.0,26.0,27.0,19.0,22.0,27.0,22.0,20.0,28.0,312.0
V26,0.051737501352602785,0.0565483363915356,0.01007543441458264,0.010562137393134885,0.04827693716473003,1.0656922317116355,1.45187948668214,0.7720849394472,2.2239644261293394,0.08840358772793677,0.0044553975012833254,0.012411498381827868,2.0325203252032518,25.0,26.0,28.0,28.0,28.0,23.0,25.0,26.0,27.0,25.0,24.0,27.0,26.0,338.0
