,Final Rank,Overall Rank Score,Correlation with Class,Absolute Correlation,Mean Difference,Median Difference,Variance Difference,Kurtosis Difference,Z-Score Difference,Fraud Outlier Percentage,T-Statistic,P-Value,Significant (p < 0.05)
V7,1,60.0,-0.18725659151430013,0.18725659151430013,5.578367633672223,3.0755399248993354,50.54797645615144,448.67550931271273,0.12637245712490353,61.17886178861789,17.168754779170776,4.292231319441221e-52,Yes
V10,2,97.0,-0.21688294364103206,0.21688294364103206,5.686706574086657,4.48695268185414,22.89358760553205,20.511804180908733,0.09739140594993256,81.09756097560977,25.75526028732098,3.3828836506135362e-93,Yes
V17,3,108.0,-0.32648106724371595,0.32648106724371595,6.677371462701792,5.238115339161861,48.02782641323075,20.500675479094877,0.08030038581374066,80.6910569105691,21.247726971069667,1.5580938057841855e-71,Yes
V5,4,112.0,-0.09497429899144802,0.09497429899144802,3.1566780018246523,1.4695046018076419,27.02209467879968,216.12333835537865,0.08414368862831545,42.27642276422765,13.032118672974825,1.4970277071054125e-33,Yes
V3,5,120.0,-0.19296082706741602,0.19296082706741602,7.045451965628404,5.257415070528301,48.4354960604952,12.764340991593762,0.031698460160639375,63.41463414634146,21.976004399367977,4.786081407428208e-75,Yes
V14,6,125.0,-0.3025436958044028,0.3025436958044028,6.98378728629198,6.781666613321093,17.504705852526126,8.001615478271482,0.08901733887978092,87.39837398373984,36.201024075996244,1.040150709902639e-140,Yes
V2,7,127.0,0.0912886503446179,0.0912886503446179,3.6300489593980876,2.6537988387061513,15.73755764466949,95.80864746248302,0.11565300562952585,50.0,-18.761176823315797,1.28857976120953e-59,Yes
V12,8,131.0,-0.26059292487722485,0.26059292487722485,6.270224759362687,5.644208288952705,20.76918322187464,5.497087654151937,0.06378588768447147,83.130081300813,29.88002649494514,1.4813165028380868e-112,Yes
V16,9,156.0,-0.19653894030401736,0.19653894030401736,4.147109771631907,3.617171757167275,14.224853606482085,3.2953421021860128,0.05723936054692458,71.34146341463415,23.798892084037867,7.905325639437722e-84,Yes
V27,10,157.0,0.01757972818951348,0.01757972818951348,0.17086996765802004,0.3936967501015142,1.7356067325327682,244.41407824193098,0.17783726380136544,69.91869918699187,-2.7526851298151835,0.006129683626016933,Yes
V1,11,158.0,-0.10134729859508294,0.10134729859508294,4.7802061789646455,2.362520732317084,42.29422373604381,28.18595970417666,0.0022126233028464393,35.36585365853659,15.629064609674844,5.4916429825378706e-45,Yes
V8,12,161.0,0.019875123914794384,0.019875123914794384,0.5716233664479029,0.599467033415043,44.86192233706346,193.0079183923883,0.028356004789878986,50.20325203252033,-1.8651390657084315,0.06275811803424985,No
V20,13,163.0,0.020090324196974638,0.020090324196974638,0.37296368517835976,0.3473392259146679,1.221444448209538,256.5761756151501,0.16682876715922101,39.43089430894309,-6.1415290755504275,1.6876894180533079e-09,Yes
V28,14,170.0,0.00953604091623609,0.00953604091623609,0.07579823100065478,0.1351449713127724,0.19091159178025285,939.347813495879,0.321354943490869,55.28455284552846,-3.0710491107672975,0.0022512074332820594,Yes
V4,15,174.0,0.13344748623900718,0.13344748623900718,4.549888972243557,4.19955224226529,6.297821033379423,2.2932086752933114,0.06200444529627058,64.63414634146342,-35.116449407394036,4.587316921388204e-136,Yes
V6,16,176.0,-0.04364316069996494,0.04364316069996494,1.4001554590284588,1.151492775743596,1.683954683898795,40.11146594628621,0.04836488592406163,27.84552845528455,16.706743494730443,5.880377860840106e-50,Yes
V21,17,189.0,0.04041338061057565,0.04041338061057565,0.714823199474226,0.6219672869434325,14.457795320383578,145.74102298144936,0.05137111289674873,49.59349593495935,-4.097655091201303,4.882129855322919e-05,Yes
V9,18,196.0,-0.0977326860740807,0.0977326860740807,2.585589490394331,2.1588043221164694,5.067747524596614,1.701959692878737,0.02734155476137512,45.32520325203252,22.928480841254068,1.1935046623364428e-79,Yes
V18,19,203.0,-0.11148525388904133,0.11148525388904133,2.250195314042504,1.661559643302737,7.725831885634072,1.359110069330335,0.06924888970389964,48.170731707317074,17.213505574351657,2.6392225457941318e-52,Yes
V11,20,217.0,0.15487564474394433,0.15487564474394433,3.8067490155984287,3.6211416803170557,6.168688690124842,0.17175610587700163,0.04312741209127258,59.756097560975604,-31.519223172648527,4.577212375356478e-120,Yes
V23,21,225.0,-0.0026851557402507824,0.0026851557402507824,0.040377717875797366,0.06198858025001735,2.1089564461502057,377.42118393574344,0.0203046447916585,30.284552845528456,0.5669012217496843,0.5710402154248271,No
V19,22,265.0,0.034783013036515056,0.034783013036515056,0.6818371673845074,0.6436897978156481,1.712237548095703,1.8854308681382164,0.042664900566783404,27.439024390243905,-9.819276211293447,6.707056605381362e-21,Yes
V22,23,267.0,0.0008053175052983079,0.0008053175052983079,0.014073193379461673,0.04169837393374545,1.7101379926015854,15.926928444534543,0.23653877692317204,5.691056910569105,-0.20881499485853694,0.8346791940015031,No
V25,24,269.0,0.0033077055972996613,0.0033077055972996613,0.041520613526067375,0.07195451011221105,0.364434796100838,0.5673832007021389,0.061246604527076864,11.178861788617885,-1.15482515242339,0.24872292184544406,No
V13,25,297.0,-0.004569778799461309,0.004569778799461309,0.10952301652004538,0.05201964005190501,0.2298032520966502,0.6305796517445108,0.03668355430813397,1.6260162601626018,2.1979118190355287,0.02842016819253239,Yes
V15,26,305.0,-0.004223402267856675,0.004223402267856675,0.09308955778552516,0.10552099913297106,0.26498758817087387,0.37849487571736606,0.026917583914630838,2.4390243902439024,1.9653685478602227,0.049933360772518885,Yes
V24,27,312.0,-0.007220906715952582,0.007220906715952582,0.10531223080493142,0.1018776580463014,0.10114573706511942,0.5303514318736138,0.04062747696452673,0.6097560975609756,4.5253282245975734,7.565212734686299e-06,Yes
V26,28,338.0,0.0044553975012833254,0.0044553975012833254,0.051737501352602785,0.0565483363915356,0.01007543441458264,1.0656922317116355,0.012411498381827868,2.0325203252032518,-2.430799175266624,0.015421282726400358,Yes
