Feature,T-Statistic,P-Value,Significant (p < 0.05),Absolute T-Statistic
V14,36.201024075996244,1.040150709902639e-140,Yes,36.201024075996244
V4,-35.116449407394036,4.587316921388204e-136,Yes,35.116449407394036
V11,-31.519223172648527,4.577212375356478e-120,Yes,31.519223172648527
V12,29.88002649494514,1.4813165028380868e-112,Yes,29.88002649494514
V10,25.75526028732098,3.3828836506135362e-93,Yes,25.75526028732098
V16,23.798892084037867,7.905325639437722e-84,Yes,23.798892084037867
V9,22.928480841254068,1.1935046623364428e-79,Yes,22.928480841254068
V3,21.976004399367977,4.786081407428208e-75,Yes,21.976004399367977
V17,21.247726971069667,1.5580938057841855e-71,Yes,21.247726971069667
V2,-18.761176823315797,1.28857976120953e-59,Yes,18.761176823315797
V18,17.213505574351657,2.6392225457941318e-52,Yes,17.213505574351657
V7,17.168754779170776,4.292231319441221e-52,Yes,17.168754779170776
V6,16.706743494730443,5.880377860840106e-50,Yes,16.706743494730443
V1,15.629064609674844,5.4916429825378706e-45,Yes,15.629064609674844
V5,13.032118672974825,1.4970277071054125e-33,Yes,13.032118672974825
V19,-9.819276211293447,6.707056605381362e-21,Yes,9.819276211293447
V20,-6.1415290755504275,1.6876894180533079e-09,Yes,6.1415290755504275
V24,4.5253282245975734,7.565212734686299e-06,Yes,4.5253282245975734
V21,-4.097655091201303,4.882129855322919e-05,Yes,4.097655091201303
V28,-3.0710491107672975,0.0022512074332820594,Yes,3.0710491107672975
V27,-2.7526851298151835,0.006129683626016933,Yes,2.7526851298151835
V26,-2.430799175266624,0.015421282726400358,Yes,2.430799175266624
V13,2.1979118190355287,0.02842016819253239,Yes,2.1979118190355287
V15,1.9653685478602227,0.049933360772518885,Yes,1.9653685478602227
V8,-1.8651390657084315,0.06275811803424985,No,1.8651390657084315
V25,-1.15482515242339,0.24872292184544406,No,1.15482515242339
V23,0.5669012217496843,0.5710402154248271,No,0.5669012217496843
V22,-0.20881499485853694,0.8346791940015031,No,0.20881499485853694
