Feature,Covariance with Class,Absolute Covariance
V3,-0.012149934607801493,0.012149934607801493
V14,-0.012043593407094435,0.012043593407094435
V17,-0.011515177027623127,0.011515177027623127
V12,-0.010813049492656575,0.010813049492656575
V10,-0.009806768018003955,0.009806768018003955
V7,-0.009619936704990133,0.009619936704990133
V1,-0.008243501306881547,0.008243501306881547
V4,0.007846317561344074,0.007846317561344074
V16,-0.007151721817495632,0.007151721817495632
V11,0.006564767148151037,0.006564767148151037
V2,0.006260046579690305,0.006260046579690305
V5,-0.005443714823004126,0.005443714823004126
V9,-0.0044588684138602,0.0044588684138602
V18,-0.003880478648321774,0.003880478648321774
V6,-0.00241457856088508,0.00241457856088508
V21,0.0012327179536702152,0.0012327179536702152
V19,0.0011758332946283055,0.0011758332946283055
V8,0.0009857687706219262,0.0009857687706219262
V20,0.000643178664492898,0.000643178664492898
V27,0.0002946665371661416,0.0002946665371661416
V13,-0.00018887326111363583,0.00018887326111363583
V24,-0.00018161172965537167,0.00018161172965537167
V15,-0.00016053363861979084,0.00016053363861979084
V28,0.0001307146162571056,0.0001307146162571056
V26,8.922170802836463e-05,8.922170802836463e-05
V25,7.16026085591969e-05,7.16026085591969e-05
V23,-6.963167646256742e-05,6.963167646256742e-05
V22,2.426932723657454e-05,2.426932723657454e-05
