,Normal CV,Fraud CV,CV Difference,Absolute CV Difference
V1,233.69767506218471,1.4215758698292902,-232.27609919235542,232.27609919235542
V2,260.9126542161039,1.1841827797872329,-259.7284714363166,259.7284714363166
V3,119.91118036999501,1.0110412538866822,-118.90013911610832,118.90013911610832
V4,178.03521214793113,0.6326066218072345,-177.4026055261239,177.4026055261239
V5,248.83969436704896,1.7048824534358384,-247.13481191361313,247.13481191361313
V6,549.8351857872018,1.329380255756825,-548.5058055314449,548.5058055314449
V7,122.3272019968532,1.2941499099948424,-121.03305208685836,121.03305208685836
V8,1176.0174961010214,11.912728750980452,-1164.104767350041,1164.104767350041
V9,243.89458074365822,0.9689176559776709,-242.92566308768056,242.92566308768056
V10,106.29429520390914,0.8626813549777632,-105.43161384893138,105.43161384893138
V11,152.53893077415668,0.704863853561149,-151.83406692059555,151.83406692059555
V12,87.33042846986065,0.7435958192757582,-86.5868326505849,86.5868326505849
V13,5259.352504356447,10.102256762453862,-5249.250247593993,5249.250247593993
V14,74.35157200345826,0.6137564490207621,-73.7378155544375,73.7378155544375
V15,5690.286044273478,11.298068056185764,-5678.987976217292,5678.987976217292
V16,117.91780850597934,0.9335954953245592,-116.98421301065478,116.98421301065478
V17,64.9720449607262,1.0457228954547,-63.92632206527149,63.92632206527149
V18,212.21518027540142,1.2907249254220066,-210.9244553499794,210.9244553499794
V19,689.1569684187617,2.2622967162411607,-686.8946717025206,686.8946717025206
V20,1194.18937430105,3.616881605829265,-1190.5724926952207,1190.5724926952207
V21,580.4310821383755,5.422320001160799,-575.0087621372147,575.0087621372147
V22,29766.826256050965,106.38580381500283,-29660.440452235962,29660.440452235962
V23,8910.738048808025,39.189333436842375,-8871.548715371184,8871.548715371184
V24,3329.806609311375,4.904166679052413,-3324.9024426323226,3324.9024426323226
V25,7259.170137254176,19.23344017506943,-7239.936697079106,7239.936697079106
V26,5395.65672858917,9.132547231120475,-5386.52418135805,5386.52418135805
V27,1354.6064980323295,8.071331941827282,-1346.5351660905021,1346.5351660905021
V28,2516.946604275148,7.232866612884845,-2509.713737662263,2509.713737662263
