,Normal Standard Deviation,Fraud Standard Deviation,Standard Deviation Difference,Absolute Standard Deviation Difference
V1,1.929814051650085,6.783686756476151,4.853872704826067,4.853872704826067
V2,1.63614605256896,4.29121562613748,2.65506957356852,2.65506957356852
V3,1.4594290274738584,7.1109372903105035,5.651508262836645,5.651508262836645
V4,1.3993332348712224,2.873317687899231,1.4739844530280086,1.4739844530280086
V5,1.35695169107913,5.372468014862647,4.015516323783517,4.015516323783517
V6,1.3299129957395899,1.8581235858079637,0.5282105900683738,0.5282105900683738
V7,1.1788121897767614,7.206772830811148,6.027960641034387,6.027960641034387
V8,1.161283351253403,6.79783063623696,5.636547284983557,5.636547284983557
V9,1.089371898336135,2.500895571086703,1.4115236727505682,1.4115236727505682
V10,1.0442036815228026,4.897341006509331,3.853137324986528,3.853137324986528
V11,1.0031119069611505,2.6786045225101964,1.675492615549046,1.675492615549046
V12,0.945939025726211,4.6544584929147765,3.7085194671885655,3.7085194671885655
V13,0.9950665341833557,1.1045182929894486,0.10945175880609292,0.10945175880609292
V14,0.8970065241747024,4.278939887044232,3.3819333628695296,3.3819333628695296
V15,0.9150598689039482,1.0499153069887992,0.134855438084851,0.134855438084851
V16,0.8447717337884785,3.8650346555613284,3.02026292177285,3.02026292177285
V17,0.749456648242162,6.970617740259835,6.221161092017673,6.221161092017673
V18,0.8249186195509939,2.8993658986950903,2.0744472791440964,2.0744472791440964
V19,0.8117331207903172,1.5398533071314588,0.7281201863411416,0.7281201863411416
V20,0.7694035636804587,1.3466351740593023,0.5772316103788436,0.5772316103788436
V21,0.7167434676062252,3.8693043972708807,3.1525609296646557,3.1525609296646557
V22,0.7236684375119938,1.4946016191790494,0.7709331816670556,0.7709331816670556
V23,0.6215411537097715,1.579642317711538,0.9581011640017665,0.9581011640017665
V24,0.6057762842719125,0.5155765408949147,-0.09019974337699788,0.09019974337699788
V25,0.5206731481707908,0.7972046934927819,0.2765315453219911,0.2765315453219911
V26,0.4822410834910837,0.4716789460979488,-0.010562137393134885,0.010562137393134885
V27,0.3998465336390618,1.3767657691110502,0.9769192354719884,0.9769192354719884
V28,0.32956988157823003,0.5472914201992768,0.21772153862104676,0.21772153862104676
