,Normal Mean,Fraud Mean,Mean Difference,Absolute Mean Difference
V1,0.008257737485563688,-4.771948441479082,-4.7802061789646455,4.7802061789646455
V2,-0.006270857415807066,3.6237781019822806,3.6300489593980876,3.6300489593980876
V3,0.012170917031845403,-7.0332810485965584,-7.045451965628404,7.045451965628404
V4,-0.00785986782046522,4.542029104423092,4.549888972243557,4.549888972243557
V5,0.00545311588864745,-3.151224885936005,-3.1566780018246523,3.1566780018246523
V6,0.0024187484361073526,-1.3977367105923515,-1.4001554590284588,1.4001554590284588
V7,0.009636549929484086,-5.5687310837427395,-5.578367633672223,5.578367633672223
V8,-0.0009874711516652873,0.5706358952962376,0.5716233664479029,0.5716233664479029
V9,0.004466568691335963,-2.581122921702995,-2.585589490394331,2.585589490394331
V10,0.009823703892289417,-5.676882870194368,-5.686706574086657,5.686706574086657
V11,-0.006576104223821521,3.800172911374607,3.8067490155984287,3.8067490155984287
V12,0.010831723172555738,-6.259393036190131,-6.270224759362687,6.270224759362687
V13,0.0001891994372613584,-0.10933381708278403,-0.10952301652004538,0.10952301652004538
V14,0.012064392184377496,-6.971722894107602,-6.98378728629198,6.98378728629198
V15,0.000160810873440156,-0.09292874691208501,-0.09308955778552516,0.09308955778552516
V16,0.007164072539099487,-4.139945699092808,-4.147109771631907,4.147109771631907
V17,0.011535063252129248,-6.665836399449663,-6.677371462701792,6.677371462701792
V18,0.003887180071097925,-2.2463081339714064,-2.250195314042504,2.250195314042504
V19,-0.001177863909078364,0.680659303475429,0.6818371673845074,0.6818371673845074
V20,-0.0006442894068880698,0.3723193957714717,0.37296368517835976,0.37296368517835976
V21,-0.001234846805525402,0.7135883526687006,0.714823199474226,0.714823199474226
V22,-2.4311239340300425e-05,0.014048882140121373,0.014073193379461673,0.014073193379461673
V23,6.97519274279322e-05,-0.04030796594836943,-0.040377717875797366,0.040377717875797366
V24,0.00018192536544853305,-0.10513030543948289,-0.10531223080493142,0.10531223080493142
V25,-7.17262632402963e-05,0.041448887262827076,0.041520613526067375,0.041520613526067375
V26,-8.937579014912199e-05,0.05164812556245366,0.051737501352602785,0.051737501352602785
V27,-0.0002951754138341059,0.17057479224418592,0.17086996765802004,0.17086996765802004
V28,-0.00013094035488017133,0.0756672906457746,0.07579823100065478,0.07579823100065478
