,Normal Minimum,Fraud Minimum,Minimum Difference,Absolute Minimum Difference
V1,-56.407509631329,-30.552380043581,25.855129587748,25.855129587748
V2,-72.7157275629303,-8.40215367768915,64.31357388524114,64.31357388524114
V3,-48.3255893623954,-31.1036848245812,17.221904537814197,17.221904537814197
V4,-5.68317119816995,-1.31327481447103,4.36989638369892,4.36989638369892
V5,-113.743306711146,-22.105531524316,91.63777518683,91.63777518683
V6,-26.1605059358433,-6.40626663445964,19.75423930138366,19.75423930138366
V7,-31.76494649021,-43.5572415712451,-11.7922950810351,11.7922950810351
V8,-73.2167184552674,-41.0442609210741,32.1724575341933,32.1724575341933
V9,-6.29073038591614,-13.4340663182301,-7.14333593231396,7.14333593231396
V10,-14.7410963766699,-24.5882624372475,-9.847166060577601,9.847166060577601
V11,-4.79747346479757,-1.70222840135659,3.0952450634409803,3.0952450634409803
V12,-15.1449882216973,-18.6837146333443,-3.5387264116470014,3.5387264116470014
V13,-5.79188120632084,-3.12779501198771,2.6640861943331298,2.6640861943331298
V14,-18.392091495673,-19.2143254902614,-0.8222339945883981,0.8222339945883981
V15,-4.39130706780494,-4.49894467676621,-0.10763760896127028,0.10763760896127028
V16,-10.1155599523526,-14.1298545174931,-4.014294565140501,4.014294565140501
V17,-17.0984442134069,-25.1627993693248,-8.064355155917902,8.064355155917902
V18,-5.36665995636776,-9.49874592104677,-4.1320859646790105,4.1320859646790105
V19,-7.21352743017759,-3.68190355226504,3.5316238779125495,3.5316238779125495
V20,-54.497720494566,-4.12818582871798,50.36953466584802,50.36953466584802
V21,-34.8303821448146,-22.7976039055519,12.0327782392627,12.0327782392627
V22,-10.933143697655,-8.88701714094871,2.046126556706289,2.046126556706289
V23,-44.8077352037913,-19.2543276173719,25.553407586419404,25.553407586419404
V24,-2.83662691870341,-2.02802422921896,0.80860268948445,0.80860268948445
V25,-10.2953970749851,-4.78160552206407,5.51379155292103,5.51379155292103
V26,-2.60455055280817,-1.15267106612603,1.45187948668214,1.45187948668214
V27,-22.5656793207827,-7.26348214633855,15.30219717444415,15.30219717444415
V28,-15.4300839055349,-1.86929047595671,13.56079342957819,13.56079342957819
