,Normal Mean Absolute Z-Score,Fraud Mean Absolute Z-Score,Z-Score Difference,Absolute Z-Score Difference
V17,0.6498388130239561,8.785483673788304,8.135644860764348,8.135644860764348
V14,0.6651134568852743,7.353836089511562,6.688722632626288,6.688722632626288
V12,0.6962095118990064,6.320051726155245,5.623842214256238,5.623842214256238
V10,0.6302610417489999,5.340022774597118,4.7097617328481185,4.7097617328481185
V16,0.7317523948738042,5.102863457113714,4.37111106223991,4.37111106223991
V7,0.5891688880699745,4.7950924714777035,4.205923583407729,4.205923583407729
V3,0.7408233468816848,4.713140307927016,3.9723169610453315,3.9723169610453315
V11,0.809177411276939,3.8254585929580376,3.016281181681099,3.016281181681099
V18,0.7542074335346372,3.285913703755234,2.531706270220597,2.531706270220597
V4,0.7445718405580294,3.227711521417237,2.4831396808592077,2.4831396808592077
V8,0.4194847459275789,2.7107150494078516,2.2912303034802726,2.2912303034802726
V5,0.6460513658804158,2.8928554213856787,2.246804055505263,2.246804055505263
V1,0.7173734829584555,2.637210475805616,1.9198369928471604,1.9198369928471604
V2,0.5864997732904959,2.46008708575695,1.8735873124664542,1.8735873124664542
V21,0.43119156276491055,2.2825778002481574,1.8513862374832468,1.8513862374832468
V27,0.4464295820569126,2.271458912199227,1.8250293301423142,1.8250293301423142
V9,0.738214084154075,2.5125491132029523,1.7743350290488773,1.7743350290488773
V19,0.7426110562529258,1.6522000036942845,0.9095889474413588,0.9095889474413588
V28,0.39034761434876714,1.2430358487087654,0.8526882343599982,0.8526882343599982
V6,0.6810588779783973,1.4009299046263355,0.7198710266479382,0.7198710266479382
V23,0.4182453009089407,1.121163213441275,0.7029179125323344,0.7029179125323344
V20,0.44234466512502013,1.113042236936329,0.670697571811309,0.670697571811309
V22,0.8043829226344034,1.1747741659550723,0.370391243320669,0.370391243320669
V25,0.773041923713044,1.0980127068143857,0.32497078310134164,0.32497078310134164
V13,0.7881073056762464,0.9158040093017465,0.12769670362550012,0.12769670362550012
V15,0.7944825161288175,0.8817267392872951,0.08724422315847757,0.08724422315847757
V24,0.7735963280285744,0.6948694923778281,-0.07872683565074623,0.07872683565074623
V26,0.7810372734336698,0.7734794029927256,-0.007557870440944248,0.007557870440944248
