Rank,Feature,Overall Rank Score,Mean Difference,Median Difference,Variance Difference,Absolute Correlation,Z-Score Difference,Fraud Outlier Percentage
1,V7,60.0,5.578367633672223,3.0755399248993354,50.54797645615144,0.18725659151430013,0.12637245712490353,61.17886178861789
2,V10,97.0,5.686706574086657,4.48695268185414,22.89358760553205,0.21688294364103206,0.09739140594993256,81.09756097560977
3,V17,108.0,6.677371462701792,5.238115339161861,48.02782641323075,0.32648106724371595,0.08030038581374066,80.6910569105691
4,V5,112.0,3.1566780018246523,1.4695046018076419,27.02209467879968,0.09497429899144802,0.08414368862831545,42.27642276422765
5,V3,120.0,7.045451965628404,5.257415070528301,48.4354960604952,0.19296082706741602,0.031698460160639375,63.41463414634146
6,V14,125.0,6.98378728629198,6.781666613321093,17.504705852526126,0.3025436958044028,0.08901733887978092,87.39837398373984
7,V2,127.0,3.6300489593980876,2.6537988387061513,15.73755764466949,0.0912886503446179,0.11565300562952585,50.0
8,V12,131.0,6.270224759362687,5.644208288952705,20.76918322187464,0.26059292487722485,0.06378588768447147,83.130081300813
9,V16,156.0,4.147109771631907,3.617171757167275,14.224853606482085,0.19653894030401736,0.05723936054692458,71.34146341463415
10,V27,157.0,0.17086996765802004,0.3936967501015142,1.7356067325327682,0.01757972818951348,0.17783726380136544,69.91869918699187
11,V1,158.0,4.7802061789646455,2.362520732317084,42.29422373604381,0.10134729859508294,0.0022126233028464393,35.36585365853659
12,V8,161.0,0.5716233664479029,0.599467033415043,44.86192233706346,0.019875123914794384,0.028356004789878986,50.20325203252033
13,V20,163.0,0.37296368517835976,0.3473392259146679,1.221444448209538,0.020090324196974638,0.16682876715922101,39.43089430894309
14,V28,170.0,0.07579823100065478,0.1351449713127724,0.19091159178025285,0.00953604091623609,0.321354943490869,55.28455284552846
15,V4,174.0,4.549888972243557,4.19955224226529,6.297821033379423,0.13344748623900718,0.06200444529627058,64.63414634146342
16,V6,176.0,1.4001554590284588,1.151492775743596,1.683954683898795,0.04364316069996494,0.04836488592406163,27.84552845528455
17,V21,189.0,0.714823199474226,0.6219672869434325,14.457795320383578,0.04041338061057565,0.05137111289674873,49.59349593495935
18,V9,196.0,2.585589490394331,2.1588043221164694,5.067747524596614,0.0977326860740807,0.02734155476137512,45.32520325203252
19,V18,203.0,2.250195314042504,1.661559643302737,7.725831885634072,0.11148525388904133,0.06924888970389964,48.170731707317074
20,V11,217.0,3.8067490155984287,3.6211416803170557,6.168688690124842,0.15487564474394433,0.04312741209127258,59.756097560975604
21,V23,225.0,0.040377717875797366,0.06198858025001735,2.1089564461502057,0.0026851557402507824,0.0203046447916585,30.284552845528456
22,V19,265.0,0.6818371673845074,0.6436897978156481,1.712237548095703,0.034783013036515056,0.042664900566783404,27.439024390243905
23,V22,267.0,0.014073193379461673,0.04169837393374545,1.7101379926015854,0.0008053175052983079,0.23653877692317204,5.691056910569105
24,V25,269.0,0.041520613526067375,0.07195451011221105,0.364434796100838,0.0033077055972996613,0.061246604527076864,11.178861788617885
25,V13,297.0,0.10952301652004538,0.05201964005190501,0.2298032520966502,0.004569778799461309,0.03668355430813397,1.6260162601626018
26,V15,305.0,0.09308955778552516,0.10552099913297106,0.26498758817087387,0.004223402267856675,0.026917583914630838,2.4390243902439024
27,V24,312.0,0.10531223080493142,0.1018776580463014,0.10114573706511942,0.007220906715952582,0.04062747696452673,0.6097560975609756
28,V26,338.0,0.051737501352602785,0.0565483363915356,0.01007543441458264,0.0044553975012833254,0.012411498381827868,2.0325203252032518
