,Normal Range,Fraud Range,Range Difference,Absolute Range Difference
V1,58.86243962254021,32.68476606492204,-26.17767355761817,26.17767355761817
V2,91.61818040305519,30.45988266818005,-61.15829773487514,61.15829773487514
V3,57.70814779521654,33.353894459367034,-24.354253335849506,24.354253335849506
V4,22.55851523176745,13.42794665692993,-9.130568574837522,9.130568574837522
V5,148.5449725878146,33.2006201244756,-115.34435246333902,115.34435246333902
V6,99.4621314818079,12.88038126194813,-86.58175021985977,86.58175021985977
V7,152.354440435448,49.35977892427099,-102.99466151117701,102.99466151117701
V8,91.9259729985908,61.0514692861954,-30.874503712395395,30.874503712395395
V9,21.88572499304394,16.787591178134,-5.098133814909939,5.098133814909939
V10,38.4862324973244,28.61969748839741,-9.866535008926991,9.866535008926991
V11,14.799663682144669,13.721141582976491,-1.0785220991681772,1.0785220991681772
V12,22.9933802973419,20.059655983785063,-2.933724313556837,2.933724313556837
V13,12.918764164914599,5.94323482655026,-6.975529338364339,6.975529338364339
V14,28.918857547457698,22.65674748620355,-6.262110061254148,6.262110061254148
V15,13.26904866554771,6.970302580574581,-6.2987460849731285,6.2987460849731285
V16,27.430671469980396,17.26951017632379,-10.161161293656605,10.161161293656605
V17,26.351970463879752,31.90218375410815,5.550213290228399,5.550213290228399
V18,10.407729141779601,13.289062132890521,2.88133299111092,2.88133299111092
V19,12.80549885751317,8.91024534231634,-3.8952535151968295,3.8952535151968295
V20,93.91862474278591,15.18719012211218,-78.73143462067372,78.73143462067372
V21,57.4452715124315,50.0004430628673,-7.444828449564206,7.444828449564206
V22,21.4362337876004,17.24900233263306,-4.187231454967339,4.187231454967339
V23,67.3361468935662,24.720557571081528,-42.61558932248467,42.61558932248467
V24,7.42117605560158,3.1194589608400403,-4.30171709476154,4.30171709476154
V25,17.81498575369426,6.9898147004306,-10.82517105326366,10.82517105326366
V26,6.12189616443197,3.8979317383026304,-2.2239644261293394,2.2239644261293394
V27,54.177877426919,10.31583983313279,-43.862037593786205,43.862037593786205
V28,49.277891724418,3.6486543283887602,-45.62923739602924,45.62923739602924
