Feature,Total Outliers,Fraud Outliers,Fraud Outlier Percentage
V11,780,294,37.69230769230769
V3,3363,312,9.27743086529884
V17,7420,397,5.350404312668464
V16,8184,351,4.2888563049853365
V10,9496,399,4.201769165964617
V7,8948,301,3.3638801966919987
V18,7533,237,3.14615690959777
V14,14149,430,3.0390840342073644
V4,11148,318,2.852529601722282
V9,8283,223,2.6922612579983096
V12,15348,409,2.6648423247328643
V1,7062,174,2.463891248937978
V22,1317,28,2.126044039483675
V2,13526,246,1.8187195031790626
V5,12295,208,1.6917446116307442
V21,14497,244,1.6831068496930401
V19,10205,135,1.3228809407153355
V25,5367,55,1.0247810694987889
V8,24134,247,1.0234523908179334
V28,30342,272,0.8964471689407422
V27,39163,344,0.8783801036692798
V23,18541,149,0.8036243999784263
V20,27770,194,0.6985956067698955
V6,22965,137,0.5965599825821903
V15,2894,12,0.414651002073255
V13,3368,8,0.23752969121140144
V26,5596,10,0.17869907076483202
V24,4774,3,0.06284038542103058
